{
    "xquad_xtreme_prompt3": {
        "total_tokens": 1047223,
        "prompt_tokens": 928223,
        "completion_tokens": 119000,
        "cost": "1.630334499999999"
    },
    "xquad_xtreme_prompt3_robustness": {
        "total_tokens": 1296739,
        "prompt_tokens": 1177739,
        "completion_tokens": 119000,
        "cost": "2.0046084999999985"
    },
    "xquad_xtreme_prompt3_fairness": {
        "total_tokens": 1056803,
        "prompt_tokens": 937803,
        "completion_tokens": 119000,
        "cost": "1.6447044999999998"
    },
    "mlqa_prompt3": {
        "total_tokens": 5169980,
        "prompt_tokens": 4620480,
        "completion_tokens": 549500,
        "cost": "8.029719999999967"
    },
    "mlqa_prompt3_robustness": {
        "total_tokens": 6494371,
        "prompt_tokens": 5944871,
        "completion_tokens": 549500,
        "cost": "10.016306499999999"
    },
    "mlqa_prompt3_fairness": {
        "total_tokens": 5226364,
        "prompt_tokens": 4676864,
        "completion_tokens": 549500,
        "cost": "8.114295999999985"
    },
    "vietnews_prompt3": {
        "total_tokens": 37371334,
        "prompt_tokens": 30621934,
        "completion_tokens": 6749400,
        "cost": "59.43170099999981"
    },
    "vietnews_prompt3_robustness": {
        "total_tokens": 50577149,
        "prompt_tokens": 43827749,
        "completion_tokens": 6749400,
        "cost": "79.24042349999982"
    },
    "wiki_lingua_prompt3": {
        "total_tokens": 6536084,
        "prompt_tokens": 5399384,
        "completion_tokens": 1136700,
        "cost": "10.372475999999995"
    },
    "wiki_lingua_prompt3_robustness": {
        "total_tokens": 8551385,
        "prompt_tokens": 7414685,
        "completion_tokens": 1136700,
        "cost": "13.395427499999983"
    },
    "UIT-VSFC": {
        "total_tokens": 1220897,
        "prompt_tokens": 1062597,
        "completion_tokens": 158300,
        "cost": "1.9104955000000046"
    },
    "UIT-VSFC_fewshot": {
        "total_tokens": 1496339,
        "prompt_tokens": 1338039,
        "completion_tokens": 158300,
        "cost": "2.3236585000000063"
    },
    "UIT-VSFC_fewshot_robustness": {
        "total_tokens": 1538712,
        "prompt_tokens": 1380412,
        "completion_tokens": 158300,
        "cost": "2.387217999999993"
    },
    "UIT-VSFC_fewshot_fairness": {
        "total_tokens": 1497382,
        "prompt_tokens": 1339082,
        "completion_tokens": 158300,
        "cost": "2.3252230000000056"
    },
    "vlsp2016": {
        "total_tokens": 434194,
        "prompt_tokens": 381694,
        "completion_tokens": 52500,
        "cost": "0.6775410000000005"
    },
    "vlsp2016_fewshot": {
        "total_tokens": 611644,
        "prompt_tokens": 559144,
        "completion_tokens": 52500,
        "cost": "0.9437160000000027"
    },
    "vlsp2016_fewshot_robustness": {
        "total_tokens": 639517,
        "prompt_tokens": 587017,
        "completion_tokens": 52500,
        "cost": "0.9855255000000017"
    },
    "vlsp2016_fewshot_fairness": {
        "total_tokens": 611782,
        "prompt_tokens": 559282,
        "completion_tokens": 52500,
        "cost": "0.9439230000000032"
    },
    "UIT-VSMEC": {
        "total_tokens": 268200,
        "prompt_tokens": 233550,
        "completion_tokens": 34650,
        "cost": "0.4196249999999998"
    },
    "UIT-VSMEC_fewshot": {
        "total_tokens": 510750,
        "prompt_tokens": 476100,
        "completion_tokens": 34650,
        "cost": "0.7834499999999984"
    },
    "UIT-VSMEC_fewshot_robustness": {
        "total_tokens": 519620,
        "prompt_tokens": 484970,
        "completion_tokens": 34650,
        "cost": "0.7967549999999998"
    },
    "UIT-VSMEC_fewshot_fairness": {
        "total_tokens": 510872,
        "prompt_tokens": 476222,
        "completion_tokens": 34650,
        "cost": "0.7836329999999989"
    },
    "PhoATIS": {
        "total_tokens": 522855,
        "prompt_tokens": 478205,
        "completion_tokens": 44650,
        "cost": "0.8066075000000006"
    },
    "PhoATIS_fewshot": {
        "total_tokens": 1116700,
        "prompt_tokens": 1072050,
        "completion_tokens": 44650,
        "cost": "1.6973749999999999"
    },
    "PhoATIS_fewshot_robustness": {
        "total_tokens": 1127773,
        "prompt_tokens": 1083123,
        "completion_tokens": 44650,
        "cost": "1.7139844999999978"
    },
    "PhoATIS_fewshot_fairness": {
        "total_tokens": 1116760,
        "prompt_tokens": 1072110,
        "completion_tokens": 44650,
        "cost": "1.6974649999999996"
    },
    "ViCTSD": {
        "total_tokens": 530350,
        "prompt_tokens": 480350,
        "completion_tokens": 50000,
        "cost": "0.8205249999999993"
    },
    "ViCTSD_fewshot": {
        "total_tokens": 671350,
        "prompt_tokens": 621350,
        "completion_tokens": 50000,
        "cost": "1.0320250000000004"
    },
    "ViCTSD_fewshot_robustness": {
        "total_tokens": 699827,
        "prompt_tokens": 649827,
        "completion_tokens": 50000,
        "cost": "1.0747405"
    },
    "ViCTSD_fewshot_fairness": {
        "total_tokens": 672513,
        "prompt_tokens": 622513,
        "completion_tokens": 50000,
        "cost": "1.0337695000000002"
    },
    "ViHSD": {
        "total_tokens": 3465759,
        "prompt_tokens": 3131759,
        "completion_tokens": 334000,
        "cost": "5.3656385000000375"
    },
    "ViHSD_fewshot": {
        "total_tokens": 4253999,
        "prompt_tokens": 3919999,
        "completion_tokens": 334000,
        "cost": "6.5479984999999425"
    },
    "ViHSD_fewshot_robustness": {
        "total_tokens": 4324501,
        "prompt_tokens": 3990501,
        "completion_tokens": 334000,
        "cost": "6.653751499999989"
    },
    "ViHSD_fewshot_fairness": {
        "total_tokens": 4256628,
        "prompt_tokens": 3922628,
        "completion_tokens": 334000,
        "cost": "6.551941999999954"
    },
    "zalo_e2eqa": {
        "total_tokens": 216166,
        "prompt_tokens": 156666,
        "completion_tokens": 59500,
        "cost": "0.3539989999999998"
    },
    "zalo_e2eqa_fewshot": {
        "total_tokens": 325051,
        "prompt_tokens": 265551,
        "completion_tokens": 59500,
        "cost": "0.5173265000000004"
    },
    "zalo_e2eqa_fewshot_robustness": {
        "total_tokens": 350284,
        "prompt_tokens": 290784,
        "completion_tokens": 59500,
        "cost": "0.5551760000000001"
    },
    "ViMMRC": {
        "total_tokens": 578698,
        "prompt_tokens": 552998,
        "completion_tokens": 25700,
        "cost": "0.8808970000000004"
    },
    "ViMMRC_fewshot": {
        "total_tokens": 1421658,
        "prompt_tokens": 1395958,
        "completion_tokens": 25700,
        "cost": "2.1453370000000005"
    },
    "ViMMRC_fewshot_rnd": {
        "total_tokens": 1421658,
        "prompt_tokens": 1395958,
        "completion_tokens": 25700,
        "cost": "2.1453370000000005"
    },
    "ViMMRC_fewshot_robustness": {
        "total_tokens": 1548162,
        "prompt_tokens": 1522462,
        "completion_tokens": 25700,
        "cost": "2.3350929999999988"
    },
    "mlqa_MLM": {
        "total_tokens": 6229526,
        "prompt_tokens": 3483526,
        "completion_tokens": 2746000,
        "cost": "10.717289000000045"
    },
    "mlqa_MLM_fewshot": {
        "total_tokens": 13934802,
        "prompt_tokens": 11188802,
        "completion_tokens": 2746000,
        "cost": "22.27520299999996"
    },
    "VSEC": {
        "total_tokens": 6609599,
        "prompt_tokens": 1940599,
        "completion_tokens": 4669000,
        "cost": "12.24889849999993"
    },
    "VSEC_fewshot": {
        "total_tokens": 9943265,
        "prompt_tokens": 5274265,
        "completion_tokens": 4669000,
        "cost": "17.249397499999947"
    },
    "mmarco": {
        "total_tokens": 81345723,
        "prompt_tokens": 70665023,
        "completion_tokens": 10680700,