{
    "xquad_xtreme_prompt3": {
        "total_tokens": 1047223,
        "prompt_tokens": 928223,
        "completion_tokens": 119000,
        "cost": "34.98669000000002"
    },
    "xquad_xtreme_prompt3_robustness": {
        "total_tokens": 1296739,
        "prompt_tokens": 1177739,
        "completion_tokens": 119000,
        "cost": "42.47217000000002"
    },
    "xquad_xtreme_prompt3_fairness": {
        "total_tokens": 1056803,
        "prompt_tokens": 937803,
        "completion_tokens": 119000,
        "cost": "35.27409000000002"
    },
    "mlqa_prompt3": {
        "total_tokens": 5169980,
        "prompt_tokens": 4620480,
        "completion_tokens": 549500,
        "cost": "171.58440000000024"
    },
    "mlqa_prompt3_robustness": {
        "total_tokens": 6494371,
        "prompt_tokens": 5944871,
        "completion_tokens": 549500,
        "cost": "211.31612999999942"
    },
    "mlqa_prompt3_fairness": {
        "total_tokens": 5226364,
        "prompt_tokens": 4676864,
        "completion_tokens": 549500,
        "cost": "173.2759200000001"
    },
    "vietnews_prompt3": {
        "total_tokens": 37371334,
        "prompt_tokens": 30621934,
        "completion_tokens": 6749400,
        "cost": "1323.6220199999962"
    },
    "vietnews_prompt3_robustness": {
        "total_tokens": 50577149,
        "prompt_tokens": 43827749,
        "completion_tokens": 6749400,
        "cost": "1719.7964700000236"
    },
    "wiki_lingua_prompt3": {
        "total_tokens": 6536084,
        "prompt_tokens": 5399384,
        "completion_tokens": 1136700,
        "cost": "230.18351999999936"
    },
    "wiki_lingua_prompt3_robustness": {
        "total_tokens": 8551385,
        "prompt_tokens": 7414685,
        "completion_tokens": 1136700,
        "cost": "290.64255"
    },
    "UIT-VSFC": {
        "total_tokens": 1220897,
        "prompt_tokens": 1062597,
        "completion_tokens": 158300,
        "cost": "41.375909999999884"
    },
    "UIT-VSFC_fewshot": {
        "total_tokens": 1496339,
        "prompt_tokens": 1338039,
        "completion_tokens": 158300,
        "cost": "49.63916999999982"
    },
    "UIT-VSFC_fewshot_robustness": {
        "total_tokens": 1538712,
        "prompt_tokens": 1380412,
        "completion_tokens": 158300,
        "cost": "50.910359999999876"
    },
    "UIT-VSFC_fewshot_fairness": {
        "total_tokens": 1497382,
        "prompt_tokens": 1339082,
        "completion_tokens": 158300,
        "cost": "49.67045999999974"
    },
    "vlsp2016": {
        "total_tokens": 434194,
        "prompt_tokens": 381694,
        "completion_tokens": 52500,
        "cost": "14.600820000000018"
    },
    "vlsp2016_fewshot": {
        "total_tokens": 611644,
        "prompt_tokens": 559144,
        "completion_tokens": 52500,
        "cost": "19.924320000000012"
    },
    "vlsp2016_fewshot_robustness": {
        "total_tokens": 639517,
        "prompt_tokens": 587017,
        "completion_tokens": 52500,
        "cost": "20.760509999999947"
    },
    "vlsp2016_fewshot_fairness": {
        "total_tokens": 611782,
        "prompt_tokens": 559282,
        "completion_tokens": 52500,
        "cost": "19.92846000000001"
    },
    "UIT-VSMEC": {
        "total_tokens": 268200,
        "prompt_tokens": 233550,
        "completion_tokens": 34650,
        "cost": "9.085499999999998"
    },
    "UIT-VSMEC_fewshot": {
        "total_tokens": 510750,
        "prompt_tokens": 476100,
        "completion_tokens": 34650,
        "cost": "16.36200000000002"
    },
    "UIT-VSMEC_fewshot_robustness": {
        "total_tokens": 519620,
        "prompt_tokens": 484970,
        "completion_tokens": 34650,
        "cost": "16.628100000000018"
    },
    "UIT-VSMEC_fewshot_fairness": {
        "total_tokens": 510872,
        "prompt_tokens": 476222,
        "completion_tokens": 34650,
        "cost": "16.365660000000016"
    },
    "PhoATIS": {
        "total_tokens": 522855,
        "prompt_tokens": 478205,
        "completion_tokens": 44650,
        "cost": "17.025150000000007"
    },
    "PhoATIS_fewshot": {
        "total_tokens": 1116700,
        "prompt_tokens": 1072050,
        "completion_tokens": 44650,
        "cost": "34.840499999999984"
    },
    "PhoATIS_fewshot_robustness": {
        "total_tokens": 1127773,
        "prompt_tokens": 1083123,
        "completion_tokens": 44650,
        "cost": "35.17269000000001"
    },
    "PhoATIS_fewshot_fairness": {
        "total_tokens": 1116760,
        "prompt_tokens": 1072110,
        "completion_tokens": 44650,
        "cost": "34.842299999999994"
    },
    "ViCTSD": {
        "total_tokens": 530350,
        "prompt_tokens": 480350,
        "completion_tokens": 50000,
        "cost": "17.41049999999998"
    },
    "ViCTSD_fewshot": {
        "total_tokens": 671350,
        "prompt_tokens": 621350,
        "completion_tokens": 50000,
        "cost": "21.640499999999978"
    },
    "ViCTSD_fewshot_robustness": {
        "total_tokens": 699827,
        "prompt_tokens": 649827,
        "completion_tokens": 50000,
        "cost": "22.494810000000015"
    },
    "ViCTSD_fewshot_fairness": {
        "total_tokens": 672513,
        "prompt_tokens": 622513,
        "completion_tokens": 50000,
        "cost": "21.67538999999996"
    },
    "ViHSD": {
        "total_tokens": 3465759,
        "prompt_tokens": 3131759,
        "completion_tokens": 334000,
        "cost": "113.9927699999973"
    },
    "ViHSD_fewshot": {
        "total_tokens": 4253999,
        "prompt_tokens": 3919999,
        "completion_tokens": 334000,
        "cost": "137.63996999999966"
    },
    "ViHSD_fewshot_robustness": {
        "total_tokens": 4324501,
        "prompt_tokens": 3990501,
        "completion_tokens": 334000,
        "cost": "139.75503000000026"
    },
    "ViHSD_fewshot_fairness": {
        "total_tokens": 4256628,
        "prompt_tokens": 3922628,
        "completion_tokens": 334000,
        "cost": "137.71883999999955"
    },
    "zalo_e2eqa": {
        "total_tokens": 216166,
        "prompt_tokens": 156666,
        "completion_tokens": 59500,
        "cost": "8.269979999999999"
    },
    "zalo_e2eqa_fewshot": {
        "total_tokens": 325051,
        "prompt_tokens": 265551,
        "completion_tokens": 59500,
        "cost": "11.536530000000003"
    },
    "zalo_e2eqa_fewshot_robustness": {
        "total_tokens": 350284,
        "prompt_tokens": 290784,
        "completion_tokens": 59500,
        "cost": "12.293520000000004"
    },
    "ViMMRC": {
        "total_tokens": 578698,
        "prompt_tokens": 552998,
        "completion_tokens": 25700,
        "cost": "18.131939999999997"
    },
    "ViMMRC_fewshot": {
        "total_tokens": 1421658,
        "prompt_tokens": 1395958,
        "completion_tokens": 25700,
        "cost": "43.42073999999999"
    },
    "ViMMRC_fewshot_rnd": {
        "total_tokens": 1421658,
        "prompt_tokens": 1395958,
        "completion_tokens": 25700,
        "cost": "43.42073999999999"
    },
    "ViMMRC_fewshot_robustness": {
        "total_tokens": 1548162,
        "prompt_tokens": 1522462,
        "completion_tokens": 25700,
        "cost": "47.215860000000056"
    },
    "mlqa_MLM": {
        "total_tokens": 6229526,
        "prompt_tokens": 3483526,
        "completion_tokens": 2746000,
        "cost": "269.26577999999995"
    },
    "mlqa_MLM_fewshot": {
        "total_tokens": 13934802,
        "prompt_tokens": 11188802,
        "completion_tokens": 2746000,
        "cost": "500.4240600000021"
    },
    "VSEC": {
        "total_tokens": 6609599,
        "prompt_tokens": 1940599,
        "completion_tokens": 4669000,
        "cost": "338.35797000001"
    },
    "VSEC_fewshot": {
        "total_tokens": 9943265,
        "prompt_tokens": 5274265,
        "completion_tokens": 4669000,
        "cost": "438.367950000001"
    },
    "mmarco": {
        "total_tokens": 81345723,
        "prompt_tokens": 70665023,
        "completion_tokens": 10680700,